ProductCategory,Price,Quantity,PurchaseDate,Discount
Books,25.24441,6,23-06-2022,FALSE
Electronics,109.6572,3,30-10-2021,FALSE
Books,87.9754,7,09-07-2020,FALSE
Books,196.6519,,08-12-2021,FALSE
Electronics,31.28739,9,24-11-2022,FALSE
Electronics,85.59256,5,13-01-2021,FALSE
Books,194.1994,3,21-01-2021,TRUE
Clothing,174.4464,2,24-08-2020,FALSE
Books,165.2437,,07-09-2021,FALSE
Books,59.00154,3,09-10-2020,FALSE
Books,42.46864,2,01-01-2020,FALSE
Books,137.0422,,08-04-2021,FALSE
Electronics,186.5814,2,24-08-2022,TRUE
Books,115.7849,9,20-06-2020,FALSE
Clothing,118.6064,2,22-04-2022,FALSE
Electronics,63.19603,,20-11-2021,FALSE
Clothing,156.2037,6,28-07-2021,TRUE
Clothing,45.53831,1,13-06-2020,FALSE
Clothing,71.49905,4,17-01-2021,FALSE
Clothing,90.83292,1,27-07-2020,FALSE
Electronics,106.446,6,11-08-2020,FALSE
Electronics,56.05785,4,03-01-2020,TRUE
Clothing,31.819,,06-01-2021,FALSE
Clothing,126.0178,3,02-09-2021,FALSE
Electronics,64.83981,9,25-04-2020,FALSE
Electronics,120.4353,6,22-03-2021,FALSE
Electronics,39.32892,9,18-02-2021,TRUE
Books,101.4166,5,10-06-2022,FALSE
Books,111.192,2,13-11-2022,FALSE
Books,19.84647,8,24-10-2021,FALSE
Clothing,73.95481,5,09-12-2022,FALSE
Books,35.53879,2,18-12-2021,FALSE
Clothing,22.04124,,16-11-2022,FALSE
Clothing,198.0924,,27-09-2020,TRUE
Books,71.24723,4,15-07-2021,FALSE
Clothing,163.8761,4,14-03-2022,FALSE
Books,58.38172,2,03-09-2020,FALSE
Books,139.4855,6,21-01-2021,FALSE
Electronics,154.4433,2,02-12-2021,FALSE
Books,123.1714,7,12-07-2021,FALSE
Electronics,99.59948,,30-08-2022,FALSE
Books,88.24977,3,10-09-2022,FALSE
Books,76.28497,5,17-12-2020,FALSE
Electronics,186.6105,3,22-01-2022,TRUE
Electronics,167.8177,2,19-02-2022,FALSE
Books,193.3551,9,21-10-2022,TRUE
Clothing,33.61647,2,29-06-2021,FALSE
Electronics,148.8648,2,19-03-2020,FALSE
Clothing,376.5694,8,29-11-2020,FALSE
Clothing,44.43428,9,07-06-2022,FALSE
Clothing,22.63429,7,16-05-2021,FALSE
Electronics,150.8129,3,03-02-2022,TRUE
Clothing,119.1499,9,09-07-2022,FALSE
Electronics,169.9475,3,03-07-2021,FALSE
Clothing,36.55675,5,14-01-2020,FALSE
Books,161.1008,9,26-01-2021,FALSE
Books,48.30919,3,05-11-2020,FALSE
Electronics,41.09463,7,20-01-2021,FALSE
Books,41.2105,1,31-08-2022,FALSE
Books,164.7692,4,05-12-2020,FALSE
Clothing,136.3875,4,19-08-2021,TRUE
Electronics,218.7649,7,26-01-2022,TRUE
Clothing,78.17779,8,11-11-2022,FALSE
Clothing,,1,17-10-2020,FALSE
Clothing,84.56457,5,01-11-2020,FALSE
Clothing,165.1539,7,25-09-2021,TRUE
Clothing,93.43563,4,16-09-2021,FALSE
Clothing,81.61944,4,27-07-2022,FALSE
Clothing,97.90916,,27-04-2022,FALSE
Electronics,67.2618,6,17-03-2021,FALSE
Books,152.0458,7,17-05-2021,TRUE
Clothing,,2,09-05-2020,FALSE
Clothing,54.12041,5,19-08-2021,FALSE
Clothing,180.9192,4,11-05-2022,TRUE
Clothing,82.93933,3,15-08-2021,TRUE
Clothing,113.275,7,25-09-2022,TRUE
Clothing,182.2297,6,20-11-2020,TRUE
Books,128.6052,7,28-12-2022,FALSE
Books,32.21063,5,23-03-2021,FALSE
Clothing,188.5681,,29-03-2022,TRUE
Books,129.2645,5,09-12-2021,TRUE
Electronics,147.2641,7,21-09-2020,FALSE
Clothing,36.46169,2,03-09-2021,FALSE
Electronics,160.8648,5,11-04-2022,FALSE
Electronics,127.8138,,04-11-2021,FALSE
Clothing,111.3576,6,05-06-2020,FALSE
Books,,5,07-09-2020,FALSE
Electronics,159.8335,7,27-05-2022,TRUE
Clothing,38.81823,8,13-06-2021,FALSE
Electronics,69.22719,7,22-11-2020,FALSE
Electronics,57.21294,5,18-08-2022,FALSE
Electronics,151.3498,1,13-06-2022,FALSE
Electronics,16.37116,5,06-04-2020,FALSE
Books,118.279,2,27-05-2021,FALSE
Electronics,154.8672,5,03-08-2020,FALSE
Electronics,176.5855,5,04-05-2020,TRUE
Electronics,74.99553,2,28-02-2020,TRUE
Books,166.0389,5,09-06-2020,FALSE
Electronics,31.02003,4,10-10-2020,FALSE
Electronics,341.6519,1,15-04-2020,FALSE
Books,34.22285,3,15-08-2020,FALSE
Books,85.48459,1,13-11-2020,TRUE
Books,161.4861,5,12-03-2022,TRUE
Electronics,38.48431,4,23-05-2022,FALSE
Books,53.55777,7,16-04-2021,FALSE
Books,294.456,5,15-12-2022,FALSE
Electronics,146.8069,4,16-09-2021,FALSE
Books,131.8181,2,13-01-2020,FALSE
Electronics,141.8502,4,07-11-2022,FALSE
Clothing,113.1176,2,24-11-2021,TRUE
Books,57.84182,8,30-08-2022,FALSE
Clothing,75.68224,3,22-04-2020,FALSE
Electronics,44.50357,9,16-08-2020,FALSE
Books,182.6056,4,19-06-2020,FALSE
Electronics,,6,21-10-2020,FALSE
Clothing,86.16177,5,07-07-2020,FALSE
Electronics,97.7811,,01-03-2021,TRUE
Books,189.9838,9,03-09-2022,FALSE
Books,39.13677,1,19-10-2021,TRUE
Clothing,121.3837,8,07-07-2022,FALSE
Electronics,106.1188,9,13-05-2021,TRUE
Books,126.1763,9,31-01-2022,FALSE
Clothing,13.44093,1,15-05-2022,FALSE
Books,175.7035,2,05-04-2022,FALSE
Books,187.1025,1,11-03-2020,FALSE
Electronics,117.3753,,04-09-2020,TRUE
Books,142.3637,8,25-05-2020,FALSE
Electronics,185.2749,5,04-08-2021,FALSE
Books,144.3753,7,14-04-2021,FALSE
Clothing,,,11-07-2020,TRUE
Books,119.4948,8,27-12-2022,FALSE
Electronics,125.2759,6,08-05-2021,FALSE
Electronics,181.1697,8,21-02-2020,TRUE
Clothing,149.9244,1,31-05-2022,FALSE
Books,187.5297,,28-12-2020,FALSE
Books,,7,05-07-2022,FALSE
Clothing,95.65948,8,18-04-2021,FALSE
Books,31.51523,3,04-06-2021,FALSE
Books,394.2397,5,21-11-2021,FALSE
Electronics,169.3906,1,15-06-2021,FALSE
Books,33.68591,7,19-04-2022,FALSE
Books,,5,24-12-2022,FALSE
Clothing,350.5606,8,28-08-2020,FALSE
Clothing,,8,19-06-2021,FALSE
Electronics,122.3423,9,23-03-2020,FALSE
Books,85.81051,,08-09-2022,FALSE
Books,20.40471,1,08-08-2022,FALSE
Books,73.68748,3,02-09-2021,FALSE
Electronics,162.5422,8,27-07-2021,TRUE
Electronics,10.88008,3,12-10-2020,FALSE
Clothing,73.36484,8,15-09-2022,FALSE
Electronics,,1,03-04-2021,TRUE
Books,112.1052,5,05-05-2020,FALSE
Books,184.7726,,28-02-2021,FALSE
Electronics,75.80574,5,07-07-2021,FALSE
Books,75.92111,8,01-09-2021,FALSE
Books,150.1252,4,21-04-2020,FALSE
Electronics,95.92141,4,05-02-2021,TRUE
Electronics,52.67492,,01-05-2020,FALSE
Books,95.96351,7,29-09-2020,TRUE
Books,36.76283,3,01-02-2021,TRUE
Books,43.51353,3,15-04-2021,TRUE
Clothing,104.6899,5,11-09-2022,FALSE
Clothing,89.59584,5,22-07-2021,FALSE
Clothing,,6,15-06-2022,TRUE
Electronics,78.85484,8,30-03-2022,TRUE
Clothing,120.3118,6,02-05-2022,FALSE
Electronics,130.1302,,10-12-2021,TRUE
Electronics,12.48795,8,16-11-2020,TRUE
Clothing,136.0721,8,27-06-2020,TRUE
Clothing,43.82683,9,15-06-2022,FALSE
Clothing,,,06-08-2020,FALSE
Books,38.24592,,27-02-2022,FALSE
Clothing,,2,06-05-2021,FALSE
Books,26.21644,3,01-03-2020,FALSE
Electronics,199.4061,1,13-12-2022,FALSE
Books,105.4171,4,21-06-2021,FALSE
Clothing,123.1232,4,27-04-2022,FALSE
Electronics,22.74453,9,14-09-2022,FALSE
Electronics,152.4925,9,05-03-2020,TRUE
Electronics,49.88206,9,08-08-2021,FALSE
Books,180.6303,7,19-06-2020,FALSE
Clothing,48.97653,2,18-06-2021,FALSE
Electronics,46.23067,5,23-11-2021,FALSE
Electronics,16.94444,4,17-04-2020,FALSE
Electronics,99.69272,8,24-03-2022,TRUE
Books,117.3198,2,01-10-2022,FALSE
Books,22.48464,6,27-03-2021,FALSE
Clothing,157.3502,5,12-08-2021,FALSE
Books,96.12488,2,05-11-2022,FALSE
Electronics,109.6342,1,22-11-2020,FALSE
Clothing,187.4898,8,30-08-2021,FALSE
Electronics,86.14498,2,20-10-2021,FALSE
Electronics,116.3317,7,02-01-2020,TRUE
Books,39.49565,9,30-10-2022,FALSE
Clothing,44.56634,9,09-03-2021,FALSE
Books,173.7393,,04-05-2020,FALSE
Books,189.7619,,29-04-2021,FALSE
Clothing,80.92877,2,13-10-2021,FALSE
Electronics,61.44149,6,10-03-2022,FALSE
Electronics,132.3599,4,22-05-2022,FALSE
Clothing,87.65949,4,08-05-2020,FALSE
Electronics,14.82341,5,13-03-2021,FALSE
Clothing,39.66899,3,20-01-2022,FALSE
Clothing,146.0347,1,15-05-2021,TRUE
Books,135.1955,8,17-12-2022,FALSE
Clothing,15.14824,5,29-07-2020,FALSE
Books,52.17471,3,20-06-2022,FALSE
Electronics,53.90421,7,14-02-2020,TRUE
Electronics,137.6596,7,18-06-2021,FALSE
Electronics,13.745,1,05-04-2021,FALSE
Electronics,29.78063,9,25-01-2021,FALSE
Books,161.9841,2,03-12-2022,FALSE
Electronics,43.92349,5,27-01-2020,FALSE
Clothing,134.0218,5,04-03-2022,FALSE
Clothing,55.25473,8,01-09-2022,TRUE
Clothing,28.89386,8,01-07-2021,FALSE
Books,112.4054,7,12-09-2021,FALSE
Electronics,147.2307,7,20-07-2021,TRUE
Electronics,172.5823,6,04-12-2021,FALSE
Electronics,167.7418,6,03-07-2020,FALSE
Books,85.46487,9,28-12-2022,FALSE
Clothing,136.9362,6,27-04-2022,FALSE
Clothing,48.94702,2,21-08-2021,FALSE
Electronics,65.69807,2,16-03-2022,TRUE
Clothing,180.3038,5,19-03-2020,TRUE
Clothing,12.47037,4,01-08-2021,FALSE
Books,26.24662,2,16-02-2021,FALSE
Books,49.49839,3,29-06-2021,FALSE
Books,15.04112,7,17-06-2020,FALSE
Books,44.47273,,11-11-2021,FALSE
Electronics,,6,05-08-2021,FALSE
Books,90.07066,5,29-05-2021,FALSE
Clothing,179.6076,1,01-02-2020,FALSE
Electronics,165.3143,8,13-10-2020,FALSE
Clothing,74.9453,3,16-08-2021,FALSE
Clothing,59.29045,6,02-12-2022,FALSE
Clothing,82.14156,3,08-09-2021,TRUE
Books,122.156,7,21-10-2022,FALSE
Books,60.93209,7,26-09-2020,FALSE
Electronics,128.5883,9,01-06-2021,TRUE
Electronics,87.78821,5,30-10-2022,FALSE
Books,114.889,,05-08-2021,TRUE
Clothing,,8,13-08-2020,FALSE
Electronics,65.94849,1,31-10-2021,FALSE
Books,190.2061,5,05-07-2022,FALSE
Books,155.0851,3,05-05-2020,TRUE
Books,36.6215,,13-08-2022,FALSE
Clothing,175.0089,4,14-03-2020,FALSE
Books,102.6119,8,25-02-2020,FALSE
Books,179.9649,3,20-12-2021,FALSE
Books,323.945,2,06-07-2021,TRUE
Books,,9,01-02-2020,FALSE
Electronics,14.26917,5,27-07-2021,FALSE
Electronics,61.0487,7,28-10-2021,FALSE
Books,112.9105,2,10-10-2020,TRUE
Clothing,130.3609,,05-07-2020,TRUE
Electronics,58.99866,9,12-05-2021,TRUE
Books,36.47765,,09-05-2020,FALSE
Electronics,168.6367,4,30-09-2021,FALSE
Electronics,197.0364,,23-04-2020,FALSE
Clothing,109.8811,6,13-01-2020,FALSE
Books,42.61906,1,19-03-2021,FALSE
Books,123.4768,9,22-03-2021,FALSE
Clothing,13.49423,2,12-09-2022,FALSE
Clothing,183.7168,5,19-09-2022,TRUE
Books,32.37271,9,15-12-2021,FALSE
Books,119.5381,4,14-03-2020,FALSE
Clothing,62.07049,3,20-06-2021,TRUE
Electronics,115.2938,7,10-04-2020,FALSE
Electronics,133.7699,6,24-06-2020,FALSE
Clothing,335.3019,8,02-03-2021,FALSE
Electronics,49.22004,3,10-02-2020,FALSE
Clothing,12.08921,,04-03-2021,FALSE
Electronics,36.00827,,09-12-2020,FALSE
Electronics,181.0035,4,31-12-2020,FALSE
Books,176.0391,4,31-08-2021,FALSE
Books,123.5085,,18-10-2021,FALSE
Electronics,124.0982,6,28-12-2021,FALSE
Electronics,136.357,3,16-08-2020,FALSE
Books,43.32054,5,04-04-2022,FALSE
Books,183.7383,6,07-06-2022,FALSE
Books,89.5664,,10-09-2022,TRUE
Clothing,82.79632,6,15-04-2022,TRUE
Electronics,108.5944,,26-04-2020,TRUE
Books,18.92353,7,28-03-2022,FALSE
Electronics,41.59384,5,02-01-2021,FALSE
Clothing,,6,16-06-2020,FALSE
Clothing,25.73175,4,11-08-2022,FALSE
Books,124.5989,,22-10-2021,FALSE
Clothing,56.61633,4,25-11-2021,FALSE
Electronics,83.96617,1,13-07-2022,TRUE
Books,64.85181,7,31-05-2020,FALSE
Electronics,77.57782,7,08-08-2021,FALSE
Electronics,146.6187,4,01-07-2022,FALSE
Clothing,66.45313,3,30-09-2020,FALSE
Clothing,117.6169,,10-05-2021,FALSE
Clothing,,5,10-04-2020,TRUE
Clothing,136.0975,7,10-07-2021,TRUE
Clothing,,4,13-03-2020,TRUE
Books,149.1887,4,03-11-2022,FALSE
Electronics,50.83867,8,05-06-2020,FALSE
Electronics,15.9248,8,04-01-2022,FALSE
Electronics,59.83017,2,11-05-2020,TRUE
Electronics,123.0648,2,15-10-2022,FALSE
Clothing,19.7709,,12-07-2021,FALSE
Electronics,104.3096,3,16-04-2020,FALSE
Books,123.4001,1,21-09-2020,FALSE
Books,,3,03-06-2020,FALSE
Electronics,156.4733,6,14-09-2022,FALSE
Electronics,30.25367,,23-09-2022,FALSE
Books,24.27618,6,03-09-2020,FALSE
Books,148.3559,5,14-06-2021,FALSE
Clothing,104.1434,4,07-05-2022,FALSE
Books,140.7965,3,21-06-2021,FALSE
Clothing,92.61719,4,29-12-2021,FALSE
Clothing,56.81639,7,02-06-2020,FALSE
Clothing,331.2589,1,01-04-2020,FALSE
Clothing,323.778,7,03-12-2020,FALSE
Clothing,141.9923,,25-03-2021,FALSE
Electronics,61.70758,2,20-03-2022,FALSE
Books,122.1438,4,25-02-2022,FALSE
Clothing,78.58504,1,29-09-2020,FALSE
Books,27.40059,9,10-08-2021,FALSE
Books,184.2896,6,25-06-2020,FALSE
Clothing,35.99554,1,10-04-2022,FALSE
Electronics,190.5451,1,04-10-2021,FALSE
Clothing,94.7411,6,08-12-2022,FALSE
Electronics,45.17526,,20-07-2021,FALSE
Books,,4,27-10-2021,FALSE
Electronics,175.8597,6,17-05-2022,FALSE
Electronics,149.1227,7,05-12-2022,FALSE
Electronics,163.2466,9,28-10-2020,FALSE
Books,135.1688,5,17-05-2022,FALSE
Books,,9,30-06-2022,TRUE
Electronics,171.3472,4,11-02-2021,FALSE
Electronics,57.43692,2,01-04-2022,FALSE
Clothing,102.9907,3,14-07-2021,FALSE
Electronics,52.02979,1,08-04-2021,FALSE
Clothing,197.6569,6,23-05-2020,FALSE
Electronics,189.3713,,17-03-2021,FALSE
Clothing,17.49109,1,01-05-2021,FALSE
Books,144.0593,3,09-05-2022,FALSE
Electronics,,5,27-05-2020,TRUE
Electronics,44.30932,3,30-12-2022,FALSE
Electronics,117.9096,3,21-03-2022,TRUE
Electronics,183.9428,3,27-10-2021,FALSE
Clothing,16.44974,5,30-03-2020,FALSE
Electronics,142.5099,5,17-07-2020,FALSE
Books,66.49631,4,21-06-2021,FALSE
Books,185.6353,1,27-10-2020,TRUE
Electronics,194.5011,5,24-12-2021,FALSE
Books,189.4106,,20-08-2022,FALSE
Electronics,100.1007,4,08-03-2020,FALSE
Electronics,173.7881,6,03-04-2021,FALSE
Books,170.4644,4,01-02-2021,FALSE
Electronics,70.62909,7,11-09-2021,TRUE
Books,167.4939,7,30-12-2021,FALSE
Clothing,17.03145,2,09-07-2021,FALSE
Electronics,123.2913,3,19-02-2022,FALSE
Clothing,53.70168,1,12-06-2022,FALSE
Books,32.90771,8,01-09-2021,TRUE
Clothing,,9,17-01-2022,FALSE
Clothing,142.2949,4,08-10-2020,TRUE
Books,74.57624,6,22-10-2021,FALSE
Clothing,147.7057,9,12-07-2022,FALSE
Clothing,22.4177,6,22-09-2022,FALSE
Books,69.90516,9,15-01-2022,FALSE
Clothing,112.5033,4,27-03-2020,FALSE
Books,160.2374,8,01-03-2022,FALSE
Clothing,70.56298,9,30-10-2020,FALSE
Books,128.9194,,09-05-2020,TRUE
Books,178.3358,5,18-08-2021,FALSE
Clothing,127.014,8,11-07-2021,FALSE
Clothing,54.2623,6,17-06-2022,FALSE
Clothing,14.63615,7,18-03-2020,FALSE
Electronics,175.3188,3,22-02-2022,FALSE
Electronics,14.04119,7,04-11-2021,FALSE
Electronics,176.1933,8,25-08-2020,FALSE
Books,110.4981,6,04-10-2020,FALSE
Clothing,188.4229,9,07-11-2022,FALSE
Books,323.5376,6,07-06-2021,FALSE
Electronics,199.6075,9,28-06-2020,FALSE
Clothing,76.63524,4,02-05-2020,TRUE
Books,155.7658,8,10-12-2022,FALSE
Clothing,86.36687,4,30-12-2022,FALSE
Books,101.1764,2,24-04-2021,FALSE
Clothing,129.226,9,08-11-2022,FALSE
Electronics,,5,24-03-2020,TRUE
Electronics,196.9759,4,18-07-2021,FALSE
Clothing,155.9719,2,10-09-2021,FALSE
Books,89.37569,1,22-12-2020,TRUE
Electronics,90.05783,7,26-03-2022,TRUE
Electronics,150.1406,6,08-10-2021,FALSE
Electronics,55.36766,2,18-03-2021,FALSE
Clothing,30.99008,8,28-12-2022,TRUE
Clothing,77.37821,4,06-06-2021,FALSE
Books,64.57541,8,22-05-2020,FALSE
Books,66.29854,7,10-07-2020,FALSE
Books,54.38547,5,12-01-2021,FALSE
Clothing,17.99771,8,03-08-2021,FALSE
Clothing,13.39605,9,18-06-2021,FALSE
Books,197.6673,5,29-10-2022,FALSE
Books,91.2769,5,02-04-2020,FALSE
Clothing,83.02206,2,12-06-2021,FALSE
Books,139.133,5,08-02-2021,FALSE
Electronics,51.46824,,19-04-2022,FALSE
Clothing,190.4926,,07-06-2022,FALSE
Books,159.4056,5,25-02-2021,TRUE
Clothing,,8,16-04-2021,FALSE
Electronics,89.34035,,11-06-2022,FALSE
Clothing,177.0325,3,30-06-2021,FALSE
Clothing,189.4991,3,22-09-2021,FALSE
Clothing,98.80629,9,03-11-2022,FALSE
Clothing,,5,16-02-2022,FALSE
Electronics,41.73645,9,29-12-2020,FALSE
Clothing,198.322,9,28-04-2020,FALSE
Clothing,54.01762,1,29-06-2021,TRUE
Books,189.119,,05-06-2021,TRUE
Clothing,133.4329,5,25-09-2021,FALSE
Books,125.47,4,20-08-2022,FALSE
Electronics,107.4108,9,15-08-2022,FALSE
Electronics,53.82726,7,01-06-2022,TRUE
Electronics,43.54033,6,18-02-2022,FALSE
Electronics,51.89238,7,20-05-2022,TRUE
Books,45.42327,1,30-05-2021,TRUE
Clothing,158.1211,1,26-07-2022,TRUE
Electronics,76.5238,8,15-05-2022,FALSE
Clothing,20.99011,2,15-04-2020,FALSE
Books,194.1295,9,01-08-2020,FALSE
Books,177.9193,,29-04-2022,FALSE
Books,,,15-07-2020,TRUE
Electronics,398.065,1,19-01-2020,FALSE
Clothing,43.0401,1,03-10-2021,FALSE
Clothing,85.28598,2,01-11-2022,FALSE
Clothing,154.0653,6,25-11-2020,TRUE
Books,142.2439,6,15-05-2022,FALSE
Electronics,39.24022,2,12-02-2022,FALSE
Books,165.0083,1,26-01-2021,FALSE
Books,52.64371,5,28-09-2021,FALSE
Clothing,52.52535,5,02-11-2020,TRUE
Books,112.0251,2,13-06-2022,FALSE
Clothing,122.6586,6,13-10-2021,TRUE
Electronics,120.2164,9,20-04-2022,FALSE
Clothing,27.3825,2,22-10-2022,FALSE
Electronics,176.7176,2,03-06-2021,TRUE
Clothing,120.928,3,27-09-2021,FALSE
Books,34.60784,7,09-01-2022,FALSE
Books,178.8621,6,13-04-2021,TRUE
Electronics,191.5738,8,30-07-2020,FALSE
Electronics,173.8042,8,28-10-2022,FALSE
Electronics,163.8081,6,14-03-2022,FALSE
Clothing,134.496,3,21-04-2021,FALSE
Clothing,114.6629,3,23-05-2022,FALSE
Electronics,26.52748,1,04-04-2021,FALSE
Books,87.60611,7,09-09-2020,FALSE
Clothing,80.81082,5,21-01-2022,FALSE
Clothing,59.35322,4,07-09-2022,TRUE
Clothing,147.4498,4,03-05-2022,FALSE
Electronics,104.2164,4,23-08-2020,FALSE
Electronics,25.39878,,22-04-2021,TRUE
Electronics,51.83481,8,09-11-2021,FALSE
Electronics,139.8192,8,09-11-2022,FALSE
Electronics,24.46486,5,03-08-2020,FALSE
Books,171.7293,6,04-05-2022,TRUE
Books,104.0778,,14-05-2020,TRUE
Electronics,101.3114,9,23-06-2022,FALSE
Clothing,122.5575,8,13-02-2021,FALSE
Electronics,333.3788,1,26-03-2020,TRUE
Books,76.08375,2,09-07-2021,FALSE
Books,138.8231,9,12-01-2021,TRUE
Clothing,117.4891,8,10-12-2022,FALSE
Books,60.73537,3,29-08-2020,FALSE
Electronics,176.9397,8,08-07-2022,FALSE
Clothing,161.5109,1,22-09-2020,FALSE
Electronics,135.1058,4,12-12-2021,FALSE
Electronics,171.6105,3,10-03-2020,FALSE
Clothing,174.7859,,26-02-2020,FALSE
Electronics,144.589,7,08-02-2020,FALSE
Books,169.0325,4,11-03-2022,TRUE
Electronics,142.5196,7,07-11-2022,FALSE
Clothing,278.4535,9,01-01-2022,FALSE
Clothing,127.5362,2,04-04-2022,TRUE
Clothing,153.0162,3,25-01-2022,FALSE
Electronics,40.13497,5,17-12-2020,TRUE
Clothing,177.3654,3,09-10-2020,FALSE
Clothing,175.6503,8,19-04-2020,FALSE
Electronics,15.55698,8,13-10-2022,TRUE
Books,166.9052,8,27-06-2021,FALSE
Electronics,,9,25-01-2020,FALSE
Clothing,73.67258,4,22-04-2022,FALSE
Clothing,151.2666,5,01-03-2022,FALSE
Electronics,40.54438,5,07-01-2022,FALSE
Books,165.4137,8,26-02-2020,FALSE
Clothing,168.1055,7,28-06-2020,FALSE
Clothing,106.4189,9,19-08-2020,FALSE
Clothing,22.42663,8,08-12-2020,FALSE
Electronics,64.53725,2,21-04-2021,FALSE
Clothing,127.2161,4,29-07-2021,FALSE
Books,196.4254,6,30-03-2021,FALSE
Clothing,130.0446,2,15-10-2020,FALSE
Clothing,59.36268,7,14-09-2020,FALSE
Books,130.4611,3,13-06-2021,FALSE
Clothing,112.5972,3,17-11-2021,FALSE
Electronics,158.1706,2,17-07-2022,FALSE
Electronics,30.32632,8,16-08-2020,FALSE
Electronics,154.5953,6,18-08-2021,FALSE
Books,112.8406,1,10-03-2021,FALSE
Clothing,192.9685,1,31-05-2022,FALSE
Electronics,74.95571,,17-10-2022,TRUE
Books,130.1982,8,05-02-2021,FALSE
Clothing,187.0853,,13-09-2021,FALSE
Books,29.47685,5,28-03-2020,FALSE
Electronics,188.0734,4,06-08-2021,TRUE
Electronics,140.6983,6,04-11-2020,FALSE
Electronics,22.88904,6,24-06-2022,FALSE
Books,,3,08-12-2020,TRUE
Books,144.5527,9,11-03-2021,FALSE
Electronics,22.79661,7,25-06-2020,FALSE
Books,120.6124,1,18-05-2020,FALSE
Electronics,75.71778,7,12-07-2020,FALSE
Electronics,,5,31-07-2022,FALSE
Clothing,18.69099,5,08-06-2021,FALSE
Books,175.592,2,01-12-2022,FALSE
Electronics,194.9629,4,03-07-2022,FALSE
Electronics,,6,28-07-2020,FALSE
Books,152.4338,7,10-01-2022,FALSE
Clothing,34.71639,5,11-05-2022,FALSE
Clothing,154.07,9,11-08-2022,FALSE
Electronics,14.67151,3,12-04-2022,FALSE
Books,14.20347,1,19-05-2020,TRUE
Clothing,71.48594,4,02-03-2022,FALSE
Books,102.8422,,29-06-2021,FALSE
Books,156.3774,4,13-10-2022,FALSE
Electronics,139.8261,2,26-02-2020,FALSE
Clothing,94.72151,5,21-04-2020,FALSE
Electronics,61.98907,3,05-01-2020,FALSE
Clothing,199.4537,9,02-11-2022,TRUE
Clothing,90.97445,4,30-03-2020,FALSE
Clothing,95.76353,6,07-09-2021,TRUE
Clothing,41.08853,2,09-06-2022,FALSE
Clothing,161.0138,6,28-11-2021,FALSE
Books,141.7996,3,16-06-2022,FALSE
Electronics,103.8925,9,28-08-2022,FALSE
Books,25.6524,,29-10-2021,FALSE
Clothing,139.2949,9,16-08-2021,TRUE
Electronics,134.3571,5,11-08-2021,TRUE
Clothing,61.91931,8,29-04-2021,FALSE
Electronics,190.6641,2,08-09-2022,TRUE
Books,38.701,6,29-08-2022,TRUE
Electronics,92.14361,,30-09-2021,FALSE
Electronics,378.574,5,23-09-2022,FALSE
Electronics,89.74819,8,08-10-2020,FALSE
Electronics,131.3199,1,12-09-2022,FALSE
Electronics,85.54294,5,16-01-2020,FALSE
Clothing,62.10089,3,24-07-2022,FALSE
Electronics,196.9558,4,10-09-2020,FALSE
Electronics,87.77346,2,24-11-2020,FALSE
Books,179.8788,9,27-06-2021,FALSE
Electronics,53.69138,3,21-02-2022,FALSE
Books,50.48989,2,23-09-2022,FALSE
Clothing,,9,24-04-2022,TRUE
Electronics,133.8167,7,31-12-2020,TRUE
Books,160.04,6,16-10-2021,TRUE
Books,174.2281,,29-01-2022,FALSE
Clothing,99.90988,5,30-09-2021,FALSE
Electronics,193.9568,3,29-11-2022,FALSE
Electronics,45.24985,1,12-07-2022,FALSE
Books,175.0384,4,19-02-2021,FALSE
Electronics,315.1068,2,11-09-2020,TRUE
Books,156.4752,2,10-12-2021,FALSE
Electronics,170.5088,3,30-07-2021,FALSE
Books,154.5946,8,18-06-2022,FALSE
Electronics,128.9819,8,11-01-2020,FALSE
Clothing,34.93653,7,26-01-2020,TRUE
Electronics,16.17997,6,14-08-2022,TRUE
Electronics,184.9611,9,24-02-2021,TRUE
Clothing,127.1636,4,10-05-2021,FALSE
Electronics,161.3421,,24-08-2020,FALSE
Clothing,101.4892,,05-10-2022,FALSE
Electronics,32.28856,7,06-08-2020,FALSE
Books,33.7853,,05-04-2021,FALSE
Books,140.2574,3,24-10-2021,FALSE
Electronics,91.75812,4,26-09-2021,TRUE
Electronics,48.0997,9,16-09-2022,FALSE
Electronics,103.403,6,07-07-2020,FALSE
Books,22.1997,5,11-09-2020,TRUE
Electronics,120.5746,3,08-03-2020,FALSE
Books,61.10875,9,07-09-2021,FALSE
Clothing,161.5362,5,01-12-2020,FALSE
Books,68.96877,5,01-11-2021,FALSE
Books,,4,31-03-2022,FALSE
Clothing,12.2079,4,23-05-2022,FALSE
Books,,,26-10-2020,TRUE
Electronics,84.57378,7,22-12-2020,TRUE
Electronics,101.1884,,12-09-2020,TRUE
Books,124.0039,3,04-10-2022,TRUE
Electronics,65.41589,2,18-12-2020,FALSE
Books,142.0466,3,07-06-2021,FALSE
Electronics,173.4233,,07-08-2022,TRUE
Electronics,158.1717,6,25-01-2022,FALSE
Books,17.52758,7,10-10-2020,TRUE
Electronics,101.2963,2,08-04-2020,FALSE
Books,29.93673,8,15-07-2020,FALSE
Electronics,55.98855,6,26-04-2021,FALSE
Electronics,197.4659,4,27-05-2022,FALSE
Clothing,37.07415,,06-09-2021,FALSE
Clothing,104.7887,8,09-09-2021,FALSE
Books,127.4496,,02-01-2021,FALSE
Clothing,143.4683,3,23-07-2021,TRUE
Books,116.3332,4,12-08-2021,TRUE
Clothing,11.85646,1,01-12-2022,TRUE
Electronics,72.02765,9,25-02-2021,FALSE
Books,108.3652,8,15-04-2022,TRUE
Books,26.69463,8,28-06-2021,FALSE
Electronics,76.61912,6,11-03-2020,FALSE
Books,16.30859,7,06-02-2022,FALSE
Books,,6,02-11-2020,FALSE
Clothing,85.41542,9,11-01-2021,TRUE
Books,35.21599,3,16-10-2021,TRUE
Electronics,235.6655,3,08-11-2021,FALSE
Clothing,,3,02-02-2021,FALSE
Clothing,162.1115,3,08-08-2020,FALSE
Electronics,96.05709,,30-06-2020,TRUE
Electronics,41.82169,4,02-11-2020,FALSE
Clothing,29.86789,7,05-06-2021,TRUE
Books,130.9217,9,10-10-2022,FALSE
Clothing,144.2304,7,04-01-2020,FALSE
Electronics,16.00137,9,12-05-2022,FALSE
Clothing,187.8803,3,27-04-2022,TRUE
Electronics,19.87454,,14-03-2022,TRUE
Clothing,112.8463,8,02-08-2020,FALSE
Books,289.443,6,29-08-2022,FALSE
Clothing,175.4841,5,10-04-2020,FALSE
Clothing,145.6765,4,20-08-2022,FALSE
Electronics,162.3283,8,26-07-2021,FALSE
Electronics,148.9911,1,19-10-2021,TRUE
Electronics,164.8168,9,27-07-2022,FALSE
Clothing,25.22182,1,22-12-2022,FALSE
Books,180.0152,8,13-08-2020,FALSE
Electronics,114.0426,4,14-04-2020,TRUE
Electronics,165.2866,9,10-02-2022,FALSE
Clothing,95.94047,5,04-03-2021,FALSE
Electronics,132.2798,3,09-03-2021,FALSE
Books,110.0165,,17-11-2022,FALSE
Books,149.002,9,12-11-2021,TRUE
Electronics,25.5097,4,10-08-2021,FALSE
Electronics,21.4669,4,28-12-2022,FALSE
Clothing,56.94961,8,15-05-2022,FALSE
Books,40.31349,2,15-01-2022,FALSE
Books,351.2778,9,13-05-2022,TRUE
Electronics,51.65066,6,02-01-2021,FALSE
Clothing,195.4144,9,07-09-2020,TRUE
Books,148.0204,8,08-05-2022,FALSE
Books,,7,05-05-2022,FALSE
Clothing,160.0427,,14-07-2021,FALSE
Clothing,135.1545,3,20-10-2020,FALSE
Books,104.6572,2,07-07-2022,TRUE
Books,115.5191,5,08-03-2021,FALSE
Clothing,146.6483,5,28-02-2020,FALSE
Books,53.4064,5,26-08-2022,TRUE
Electronics,199.3034,4,15-04-2022,FALSE
Electronics,195.2107,5,17-07-2020,FALSE
Clothing,,3,02-08-2020,TRUE
Clothing,47.91307,1,16-06-2022,FALSE
Clothing,139.2434,5,16-04-2021,TRUE
Electronics,23.7177,,03-09-2020,FALSE
Books,15.82398,9,16-01-2021,TRUE
Electronics,58.95975,4,17-09-2022,FALSE
Books,97.89836,3,15-07-2022,FALSE
Electronics,174.9718,1,13-07-2021,FALSE
Books,,2,10-12-2022,FALSE
Electronics,151.1142,8,19-11-2021,FALSE
Clothing,90.84373,1,14-01-2021,FALSE
Electronics,75.72765,8,18-04-2021,TRUE
Books,80.49736,7,27-11-2021,FALSE
Electronics,197.6534,8,29-06-2022,FALSE
Electronics,17.62075,6,17-08-2022,FALSE
Electronics,174.736,9,22-04-2021,FALSE
Clothing,119.9483,3,30-09-2022,FALSE
Electronics,186.6739,4,14-07-2022,FALSE
Clothing,147.799,6,07-12-2021,FALSE
Clothing,204.9342,8,03-05-2022,TRUE
Electronics,175.9504,5,13-10-2022,FALSE
Electronics,181.1334,3,23-01-2022,FALSE
Electronics,90.12698,6,17-05-2021,FALSE
Books,62.59728,4,27-03-2022,FALSE
Electronics,122.5466,9,10-08-2021,TRUE
Clothing,183.349,3,08-12-2021,FALSE
Electronics,50.02582,4,03-12-2022,FALSE
Books,128.3637,7,25-07-2020,TRUE
Electronics,129.9964,,30-05-2020,FALSE
Books,298.5829,4,29-10-2021,TRUE
Books,34.99786,6,11-06-2021,FALSE
Electronics,146.0067,3,13-06-2020,TRUE
Clothing,182.7162,6,05-07-2022,FALSE
Books,44.13979,2,06-10-2022,FALSE
Electronics,55.13323,8,06-02-2020,FALSE
Electronics,194.5651,2,28-11-2020,FALSE
Clothing,44.38562,7,06-02-2021,FALSE
Books,172.3332,9,17-02-2021,FALSE
Books,103.5328,1,14-02-2020,TRUE
Electronics,56.9739,8,24-07-2020,FALSE
Electronics,175.4425,7,02-03-2020,TRUE
Clothing,94.608,6,23-02-2021,FALSE
Clothing,107.8153,6,17-05-2022,FALSE
Books,78.25434,6,30-03-2022,FALSE
Books,122.6607,9,19-01-2020,FALSE
Electronics,41.06954,2,30-12-2020,TRUE
Books,84.30549,1,27-10-2022,FALSE
Clothing,194.1883,6,03-03-2021,FALSE
Clothing,118.0907,8,02-08-2021,FALSE
Electronics,134.78,3,29-06-2021,FALSE
Clothing,71.78611,1,20-11-2020,TRUE
Clothing,156.9599,9,24-02-2020,FALSE
Clothing,34.866,1,16-02-2022,FALSE
Clothing,194.266,,18-09-2022,FALSE
Electronics,96.22001,8,11-02-2020,FALSE
Electronics,54.84959,3,18-08-2020,FALSE
Books,23.96438,4,28-03-2021,FALSE
Clothing,42.254,8,28-01-2021,TRUE
Books,108.7571,1,21-11-2021,FALSE
Electronics,74.0306,6,26-01-2021,FALSE
Electronics,167.4878,1,26-08-2021,FALSE
Electronics,91.86863,1,30-05-2022,FALSE
Electronics,57.25571,8,25-03-2020,FALSE
Electronics,127.2575,4,19-11-2022,FALSE
Electronics,144.2877,1,18-02-2020,FALSE
Electronics,41.73796,7,09-03-2020,FALSE
Clothing,41.84765,5,17-12-2022,FALSE
Books,16.96757,5,27-11-2021,FALSE
Electronics,149.9164,1,23-04-2021,TRUE
Clothing,136.1229,6,30-03-2022,FALSE
Clothing,,9,26-05-2020,FALSE
Books,170.3924,9,12-10-2022,FALSE
Electronics,326.1547,8,31-08-2021,FALSE
Books,,5,21-03-2021,FALSE
Electronics,174.9715,,08-08-2020,FALSE
Clothing,49.10983,9,04-04-2020,TRUE
Clothing,31.26473,,18-09-2020,FALSE
Clothing,61.25243,8,15-06-2022,FALSE
Clothing,20.8465,5,30-12-2022,FALSE
Books,110.9222,3,06-08-2020,FALSE
Electronics,187.9551,7,01-04-2020,FALSE
Electronics,17.47527,7,06-05-2020,FALSE
Books,66.40177,9,20-03-2020,FALSE
Electronics,95.91782,,09-09-2022,FALSE
Clothing,374.8725,3,04-07-2022,FALSE
Electronics,70.06966,1,30-04-2021,FALSE
Clothing,106.3746,,24-11-2021,FALSE
Books,17.89884,3,25-01-2020,FALSE
Electronics,38.18521,8,04-06-2020,FALSE
Books,197.4597,8,23-09-2021,FALSE
Electronics,193.3726,5,16-12-2022,FALSE
Clothing,10.9386,1,19-01-2020,FALSE
Books,190.8442,7,24-08-2020,FALSE
Electronics,131.4328,5,03-10-2020,FALSE
Clothing,174.9045,8,14-01-2022,FALSE
Books,96.40057,9,05-07-2021,FALSE
Books,215.9265,,30-09-2021,FALSE
Electronics,102.8809,7,24-08-2020,TRUE
Electronics,136.7042,1,24-09-2022,FALSE
Electronics,36.53374,4,24-02-2020,FALSE
Clothing,15.69498,2,14-11-2021,FALSE
Electronics,68.50669,2,18-04-2020,FALSE
Books,143.8893,2,07-01-2021,TRUE
Books,48.35216,,30-08-2022,TRUE
Electronics,137.9522,,19-07-2020,FALSE
Electronics,194.2833,,28-04-2022,FALSE
Books,27.84114,2,23-05-2021,FALSE
Clothing,137.7944,5,01-10-2020,TRUE
Electronics,94.31254,3,29-07-2020,TRUE
Electronics,174.947,8,18-05-2021,FALSE
Books,43.65846,4,03-12-2021,FALSE
Electronics,141.5989,1,11-02-2020,FALSE
Clothing,169.2419,1,10-11-2020,FALSE
Books,189.4767,3,26-02-2022,FALSE
Electronics,139.8171,9,24-11-2020,TRUE
Books,104.4632,7,06-11-2022,TRUE
Electronics,127.391,2,09-10-2020,FALSE
Electronics,175.0919,9,31-07-2022,FALSE
Electronics,,2,14-09-2020,FALSE
Clothing,15.77354,3,28-07-2021,FALSE
Clothing,186.8803,2,27-07-2021,FALSE
Books,141.0101,3,03-09-2021,FALSE
Electronics,277.0751,6,08-11-2022,FALSE
Electronics,50.97828,9,16-04-2022,TRUE
Clothing,135.1882,9,26-02-2021,FALSE
Electronics,84.83424,7,27-01-2022,FALSE
Clothing,133.7343,3,01-02-2022,FALSE
Electronics,30.25268,4,27-02-2021,FALSE
Books,134.9906,6,04-03-2021,TRUE
Electronics,199.8886,,22-07-2020,FALSE
Electronics,19.16029,2,14-07-2020,TRUE
Clothing,,6,28-12-2021,FALSE
Electronics,87.31251,3,11-10-2020,FALSE
Electronics,175.4432,8,14-07-2020,FALSE
Clothing,158.6532,2,02-11-2020,FALSE
Books,117.7331,1,14-01-2020,FALSE
Books,150.3053,9,16-12-2022,FALSE
Clothing,176.918,3,23-12-2021,FALSE
Clothing,86.78666,1,18-02-2022,TRUE
Clothing,72.1363,7,12-06-2021,FALSE
Clothing,136.8427,5,08-03-2022,FALSE
Clothing,163.4907,,09-12-2020,FALSE
Books,154.8342,1,27-07-2020,FALSE
Books,161.5846,9,02-10-2021,FALSE
Clothing,92.76083,7,08-09-2020,FALSE
Electronics,165.3885,8,27-09-2020,TRUE
Clothing,32.83972,9,08-07-2022,FALSE
Electronics,113.4529,6,22-02-2021,FALSE
Clothing,11.09415,5,05-03-2022,FALSE
Clothing,,6,25-12-2021,FALSE
Books,159.2554,2,08-03-2021,FALSE
Electronics,,4,18-04-2020,FALSE
Electronics,142.1388,,02-10-2021,FALSE
Books,83.82604,7,06-12-2022,TRUE
Books,95.25179,9,13-01-2021,FALSE
Books,55.13338,5,15-08-2022,FALSE
Books,161.8357,6,12-04-2020,FALSE
Electronics,53.18123,2,10-06-2022,FALSE
Electronics,23.90723,3,03-05-2022,FALSE
Clothing,124.6552,3,16-11-2022,FALSE
Clothing,136.9604,9,13-06-2021,TRUE
Books,127.7032,7,09-11-2021,FALSE
Books,98.06387,8,15-09-2022,FALSE
Books,82.1593,9,03-03-2021,FALSE
Clothing,174.0334,6,01-04-2022,FALSE
Clothing,108.6255,,20-07-2022,FALSE
Clothing,101.0446,1,27-11-2022,FALSE
Clothing,14.87199,,25-05-2021,FALSE
Clothing,74.83709,7,27-01-2021,TRUE
Clothing,82.23717,2,13-12-2021,FALSE
Clothing,85.77633,8,08-05-2021,FALSE
Books,120.2328,5,30-06-2021,FALSE
Books,111.3845,7,16-08-2021,FALSE
Books,125.502,4,23-01-2021,FALSE
Books,155.3278,5,06-06-2020,FALSE
Clothing,164.4673,8,24-10-2022,FALSE
Electronics,146.4434,1,15-06-2020,FALSE
Clothing,191.5495,1,17-08-2022,FALSE
Electronics,13.46419,4,12-02-2021,FALSE
Books,94.39563,3,12-07-2020,FALSE
Clothing,11.43695,2,22-08-2020,FALSE
Books,133.0202,,18-12-2021,FALSE
Clothing,180.6258,1,26-03-2022,TRUE
Books,56.26164,1,07-02-2021,FALSE
Electronics,186.1366,6,11-06-2022,FALSE
Electronics,,5,08-11-2021,FALSE
Electronics,187.5428,8,08-03-2020,FALSE
Clothing,76.80831,2,28-03-2020,FALSE
Electronics,29.26996,,04-08-2020,TRUE
Clothing,204.6313,,01-01-2020,FALSE
Electronics,58.78755,6,19-05-2020,FALSE
Electronics,64.12585,1,09-09-2021,FALSE
Clothing,68.38509,4,12-05-2020,TRUE
Clothing,162.5749,,26-06-2020,FALSE
Electronics,112.4406,2,20-03-2022,FALSE
Clothing,69.14846,5,14-01-2021,FALSE
Electronics,125.9634,,26-06-2022,FALSE
Clothing,146.0686,,19-10-2021,FALSE
Books,61.79856,3,25-03-2021,FALSE
Books,88.57433,4,08-08-2021,FALSE
Books,33.15836,6,07-04-2021,TRUE
Books,44.41838,3,16-09-2022,FALSE
Books,139.4124,2,01-05-2020,FALSE
Electronics,44.47329,6,17-01-2020,TRUE
Books,,5,22-11-2020,FALSE
Books,144.7188,5,13-11-2020,FALSE
Books,30.30662,5,19-03-2022,FALSE
Books,117.7893,5,17-05-2021,FALSE
Clothing,58.74693,3,28-04-2020,FALSE
Electronics,192.9561,7,10-12-2021,FALSE
Books,101.8737,6,14-02-2020,FALSE
Books,163.1386,4,09-11-2020,FALSE
Books,114.543,2,21-02-2021,FALSE
Electronics,18.24838,9,09-07-2021,FALSE
Clothing,130.2988,1,21-11-2020,FALSE
Electronics,190.7666,4,29-05-2021,TRUE
Clothing,248.6125,,01-08-2020,TRUE
Books,165.6459,6,14-03-2020,FALSE
Books,177.9992,4,23-05-2021,FALSE
Electronics,53.33516,,27-11-2020,TRUE
Electronics,50.28852,5,18-11-2021,FALSE
Clothing,126.0864,9,18-10-2021,TRUE
Clothing,88.09541,,24-10-2022,FALSE
Electronics,169.5736,2,22-08-2021,FALSE
Clothing,181.0044,6,11-12-2022,FALSE
Electronics,77.15006,5,20-11-2020,FALSE
Clothing,55.00541,7,18-09-2022,TRUE
Electronics,158.2998,3,17-12-2021,FALSE
Electronics,62.21315,3,23-12-2021,FALSE
Electronics,166.2967,2,03-10-2020,FALSE
Clothing,90.51027,3,19-06-2021,FALSE
Clothing,136.8345,1,31-05-2020,FALSE
Clothing,28.15171,5,12-08-2022,FALSE
Electronics,128.5333,5,15-09-2020,TRUE
Clothing,95.83586,7,19-11-2020,FALSE
Clothing,121.4556,4,13-10-2022,FALSE
Electronics,41.9227,3,18-05-2022,TRUE
Books,150.006,1,18-11-2021,FALSE
Electronics,173.9314,8,05-11-2020,FALSE
Clothing,51.18056,3,13-03-2022,FALSE
Electronics,28.18577,2,15-12-2022,FALSE
Books,14.49133,4,11-09-2021,FALSE
Electronics,131.9746,3,17-04-2021,FALSE
Clothing,,1,05-04-2021,TRUE
Books,113.8725,3,24-03-2022,FALSE
Clothing,54.06995,2,25-04-2022,TRUE
Books,84.27214,8,28-10-2021,FALSE
Books,122.9505,6,18-09-2020,FALSE
Electronics,104.3857,9,20-12-2020,FALSE
Electronics,197.6792,8,08-02-2022,FALSE
Clothing,35.92355,3,28-06-2020,FALSE
Electronics,142.0775,5,06-03-2020,FALSE
Electronics,86.82057,7,30-03-2022,FALSE
Books,91.35793,5,19-06-2020,FALSE
Electronics,146.3436,8,18-04-2021,FALSE
Books,141.5629,5,17-06-2021,TRUE
Books,198.3386,1,14-03-2021,FALSE
Books,34.39492,5,14-04-2022,TRUE
Clothing,29.78083,4,14-08-2020,FALSE
Clothing,147.6244,6,17-03-2021,FALSE
Clothing,119.8935,3,30-01-2021,FALSE
Books,62.09053,5,28-12-2021,TRUE
Clothing,25.08968,2,24-03-2020,TRUE
Clothing,26.27507,6,02-11-2022,FALSE
Electronics,,6,23-11-2021,FALSE
Clothing,46.45479,5,07-05-2021,FALSE
Clothing,71.4406,6,27-08-2022,FALSE
Books,53.06472,7,18-12-2020,FALSE
Books,77.4493,5,16-12-2022,FALSE
Books,23.19053,,09-02-2020,FALSE
Books,108.6214,8,01-10-2021,FALSE
Books,22.84639,4,21-06-2020,FALSE
Books,162.0677,9,15-09-2020,FALSE
Clothing,54.4053,6,31-05-2021,TRUE
Books,112.6023,1,30-12-2021,FALSE
Books,177.215,3,06-06-2021,TRUE
Electronics,133.6667,3,18-04-2022,FALSE
Clothing,111.262,,26-04-2020,FALSE
Clothing,71.62341,6,02-07-2020,FALSE
Clothing,73.27036,7,10-06-2020,TRUE
Books,137.2025,4,26-06-2021,FALSE
Books,198.8865,6,18-04-2022,TRUE
Books,135.7494,1,25-12-2022,TRUE
Electronics,115.9788,8,29-12-2022,FALSE
Books,148.8236,,22-03-2021,FALSE
Electronics,98.38907,9,19-02-2021,FALSE
Clothing,,3,15-06-2021,FALSE
Books,116.8364,2,16-03-2021,FALSE
Electronics,191.9488,1,07-01-2022,TRUE
Electronics,43.30756,3,08-04-2021,FALSE
Books,141.1009,5,30-01-2021,FALSE
Clothing,48.1774,2,11-12-2021,FALSE
Clothing,111.8073,3,29-01-2021,FALSE
Clothing,56.73705,4,21-11-2020,FALSE
Electronics,95.57048,7,19-01-2022,FALSE
Electronics,153.671,3,29-12-2022,FALSE
Electronics,76.03859,,03-10-2021,FALSE
Electronics,136.3332,8,01-08-2020,TRUE
Clothing,161.1355,4,03-01-2021,FALSE
Books,186.1638,1,18-02-2020,FALSE
Electronics,54.582,1,11-12-2022,FALSE
Electronics,85.87002,1,12-05-2020,TRUE
Clothing,38.95904,1,25-09-2022,TRUE
Books,198.5719,8,24-02-2022,FALSE
Books,186.1302,3,07-01-2021,TRUE
Clothing,112.5919,6,23-04-2021,FALSE
Clothing,169.9863,3,11-04-2022,FALSE
Books,108.982,,11-10-2021,FALSE
Electronics,128.4813,7,12-11-2021,FALSE
Books,26.93364,2,18-11-2021,FALSE
Clothing,153.5014,6,22-03-2020,FALSE
Electronics,34.26556,6,27-03-2020,TRUE
Electronics,166.9528,3,12-08-2020,TRUE
Clothing,158.5853,6,16-01-2020,FALSE
Clothing,144.6615,5,01-04-2022,FALSE
Clothing,16.87047,2,11-06-2020,FALSE
Books,67.59439,9,28-05-2021,FALSE
Books,59.99139,8,15-12-2020,FALSE
Electronics,78.42592,3,11-11-2021,TRUE
Clothing,26.65212,8,29-06-2020,FALSE
Electronics,188.022,9,12-01-2022,FALSE
Electronics,115.2224,3,21-10-2021,FALSE
Electronics,68.04962,3,07-05-2021,FALSE
Electronics,85.42649,2,11-07-2022,TRUE
Clothing,94.96848,8,07-05-2020,FALSE
Electronics,124.1129,1,18-07-2021,FALSE
Clothing,107.9791,8,03-07-2021,TRUE
Clothing,184.6845,7,28-03-2021,FALSE
Books,104.4231,7,15-04-2021,FALSE
Clothing,198.51,3,14-09-2022,FALSE
Books,171.7707,1,07-01-2022,FALSE
Clothing,49.617,4,11-08-2020,TRUE
Clothing,186.8131,9,02-06-2020,FALSE
Clothing,32.10962,5,13-07-2021,FALSE
Books,165.3154,1,16-12-2020,FALSE
Books,164.6369,5,14-12-2020,TRUE
Electronics,176.8151,8,30-06-2020,FALSE
